{
    "images_analysed_type": "Verified_Images",
    "number_images_analysed": 702,
    "num_unique_vulnerabilities": 8020,
    "low_vulnerabilities": 1021,
    "medium_vulnerabilitites": 3310,
    "high_vulnerabilities": 867,
    "critical_vulnerabilitites": 135,
    "unassigned_vulnerabilities": 521,
    "differing_vulnerabilitites": 2166,
    "reports_dont_match_vulns": 0,
    "Snyk_results": {
        "num_CVES_detected": 56287,
        "average_efficacy": 0.41959689037596304,
        "median_efficacy": 0.3181818,
        "variance_efficacy": 0.10946432151385599,
        "std_dev_efficacy": 0.33085392775945094,
        "min_efficacy": 0.0,
        "max_efficacy": 1.0,
        "range_efficacy": 1.0,
        "average_cves": 86.72881355932203,
        "median_cves": 45.0,
        "variance_cves": 35461.50041849759,
        "std_dev_cves": 188.3122418179381,
        "min_cves": 0,
        "max_cves": 1234,
        "range_cves": 1234
    },
    "Trivy_results": {
        "num_CVES_detected": 126796,
        "average_efficacy": 0.6484321793209701,
        "median_efficacy": 0.6666667,
        "variance_efficacy": 0.0801034086665703,
        "std_dev_efficacy": 0.2830254558631967,
        "min_efficacy": 0.0,
        "max_efficacy": 1.0,
        "range_efficacy": 1.0,
        "average_cves": 180.8787446504993,
        "median_cves": 52.0,
        "variance_cves": 192180.14956185038,
        "std_dev_cves": 438.3835644294279,
        "min_cves": 0,
        "max_cves": 2577,
        "range_cves": 2577
    },
    "Grype_results": {
        "num_CVES_detected": 81256,
        "average_efficacy": 0.6575444361239317,
        "median_efficacy": 0.723144835,
        "variance_efficacy": 0.06830309206070549,
        "std_dev_efficacy": 0.26134860256122566,
        "min_efficacy": 0.0,
        "max_efficacy": 1.0,
        "range_efficacy": 1.0,
        "average_cves": 115.74928774928775,
        "median_cves": 50.0,
        "variance_cves": 45486.90139036217,
        "std_dev_cves": 213.2765842523791,
        "min_cves": 0,
        "max_cves": 1577,
        "range_cves": 1577
    },
    "JFrog_results": {
        "num_CVES_detected": 75683,
        "average_efficacy": 0.5841634467663818,
        "median_efficacy": 0.629100525,
        "variance_efficacy": 0.07476238571824038,
        "std_dev_efficacy": 0.2734271122588987,
        "min_efficacy": 0.0,
        "max_efficacy": 1.0,
        "range_efficacy": 1.0,
        "average_cves": 107.81054131054131,
        "median_cves": 48.0,
        "variance_cves": 31555.383455056064,
        "std_dev_cves": 177.63835018108017,
        "min_cves": 0,
        "max_cves": 1135,
        "range_cves": 1135
    },
    "DockerScout_results": {
        "num_CVES_detected": 72759,
        "average_efficacy": 0.51021716113,
        "median_efficacy": 0.51111114,
        "variance_efficacy": 0.05564080281958236,
        "std_dev_efficacy": 0.23588302783282727,
        "min_efficacy": 0.0,
        "max_efficacy": 1.0,
        "range_efficacy": 1.0,
        "average_cves": 103.94142857142857,
        "median_cves": 28.0,
        "variance_cves": 36449.594561618644,
        "std_dev_cves": 190.9177691091603,
        "min_cves": 0,
        "max_cves": 1200,
        "range_cves": 1200
    }
}