{
    "images_analysed_type": "Sponsored_Images",
    "number_images_analysed": 712,
    "num_unique_vulnerabilities": 9718,
    "low_vulnerabilities": 1351,
    "medium_vulnerabilitites": 3838,
    "high_vulnerabilities": 974,
    "critical_vulnerabilitites": 231,
    "unassigned_vulnerabilities": 405,
    "differing_vulnerabilitites": 2919,
    "reports_dont_match_vulns": 0,
    "Snyk_results": {
        "num_CVES_detected": 65237,
        "average_efficacy": 0.4035041425854839,
        "median_efficacy": 0.3163222,
        "variance_efficacy": 0.09787739340970776,
        "std_dev_efficacy": 0.3128536293695628,
        "min_efficacy": 0.0,
        "max_efficacy": 1.0,
        "range_efficacy": 1.0,
        "average_cves": 105.22096774193548,
        "median_cves": 26.0,
        "variance_cves": 92908.66353379539,
        "std_dev_cves": 304.8092248174182,
        "min_cves": 0,
        "max_cves": 3182,
        "range_cves": 3182
    },
    "Trivy_results": {
        "num_CVES_detected": 101853,
        "average_efficacy": 0.5209032162073343,
        "median_efficacy": 0.5263158,
        "variance_efficacy": 0.09521289470299826,
        "std_dev_efficacy": 0.3085658676895393,
        "min_efficacy": 0.0,
        "max_efficacy": 1.0,
        "range_efficacy": 1.0,
        "average_cves": 143.65726375176305,
        "median_cves": 30.0,
        "variance_cves": 119870.34988007302,
        "std_dev_cves": 346.22297711167727,
        "min_cves": 0,
        "max_cves": 3179,
        "range_cves": 3179
    },
    "Grype_results": {
        "num_CVES_detected": 109607,
        "average_efficacy": 0.7353562710533708,
        "median_efficacy": 0.8125,
        "variance_efficacy": 0.053860931433675915,
        "std_dev_efficacy": 0.23207957995841838,
        "min_efficacy": 0.0,
        "max_efficacy": 1.0,
        "range_efficacy": 1.0,
        "average_cves": 153.94241573033707,
        "median_cves": 60.0,
        "variance_cves": 79296.45096912088,
        "std_dev_cves": 281.5962552469775,
        "min_cves": 0,
        "max_cves": 1896,
        "range_cves": 1896
    },
    "JFrog_results": {
        "num_CVES_detected": 70155,
        "average_efficacy": 0.5323120853075842,
        "median_efficacy": 0.5646087,
        "variance_efficacy": 0.08641172522271494,
        "std_dev_efficacy": 0.2939587134662195,
        "min_efficacy": 0.0,
        "max_efficacy": 1.0,
        "range_efficacy": 1.0,
        "average_cves": 98.53230337078652,
        "median_cves": 38.0,
        "variance_cves": 30468.612175840324,
        "std_dev_cves": 174.55260575494233,
        "min_cves": 0,
        "max_cves": 1551,
        "range_cves": 1551
    },
    "DockerScout_results": {
        "num_CVES_detected": 60936,
        "average_efficacy": 0.4472067638622668,
        "median_efficacy": 0.48305085,
        "variance_efficacy": 0.0730218711374972,
        "std_dev_efficacy": 0.2702255930468045,
        "min_efficacy": 0.0,
        "max_efficacy": 1.0,
        "range_efficacy": 1.0,
        "average_cves": 87.4261119081779,
        "median_cves": 27.0,
        "variance_cves": 21904.506386154124,
        "std_dev_cves": 148.00171075414676,
        "min_cves": 0,
        "max_cves": 814,
        "range_cves": 814
    }
}