{
    "images_analysed_type": "All_Images",
    "number_images_analysed": 2103,
    "num_unique_vulnerabilities": 13164,
    "low_vulnerabilities": 1535,
    "medium_vulnerabilitites": 4937,
    "high_vulnerabilities": 1447,
    "critical_vulnerabilitites": 301,
    "unassigned_vulnerabilities": 669,
    "differing_vulnerabilitites": 4275,
    "reports_dont_match_vulns": 0,
    "Snyk_results": {
        "num_CVES_detected": 164177,
        "average_efficacy": 0.4176059800715747,
        "median_efficacy": 0.31497247500000003,
        "variance_efficacy": 0.10989988045050479,
        "std_dev_efficacy": 0.3315115087753437,
        "min_efficacy": 0.0,
        "max_efficacy": 1.0,
        "range_efficacy": 1.0,
        "average_cves": 83.93507157464212,
        "median_cves": 27.0,
        "variance_cves": 47005.15741897186,
        "std_dev_cves": 216.8067282603837,
        "min_cves": 0,
        "max_cves": 3182,
        "range_cves": 3182
    },
    "Trivy_results": {
        "num_CVES_detected": 350520,
        "average_efficacy": 0.5842254286924691,
        "median_efficacy": 0.6455696,
        "variance_efficacy": 0.1087517770500992,
        "std_dev_efficacy": 0.32977534330222324,
        "min_efficacy": 0.0,
        "max_efficacy": 1.0,
        "range_efficacy": 1.0,
        "average_cves": 167.0734032411821,
        "median_cves": 41.0,
        "variance_cves": 140278.40471907528,
        "std_dev_cves": 374.53758785878256,
        "min_cves": 0,
        "max_cves": 3179,
        "range_cves": 3179
    },
    "Grype_results": {
        "num_CVES_detected": 242970,
        "average_efficacy": 0.6687119285484024,
        "median_efficacy": 0.75789475,
        "variance_efficacy": 0.0820002603437014,
        "std_dev_efficacy": 0.2863568758449872,
        "min_efficacy": 0.0,
        "max_efficacy": 1.0,
        "range_efficacy": 1.0,
        "average_cves": 115.86552217453504,
        "median_cves": 49.0,
        "variance_cves": 47506.27102922386,
        "std_dev_cves": 217.95933342994024,
        "min_cves": 0,
        "max_cves": 1896,
        "range_cves": 1896
    },
    "JFrog_results": {
        "num_CVES_detected": 195657,
        "average_efficacy": 0.5624224069833571,
        "median_efficacy": 0.61538464,
        "variance_efficacy": 0.09179502828477913,
        "std_dev_efficacy": 0.3029769434870897,
        "min_efficacy": 0.0,
        "max_efficacy": 1.0,
        "range_efficacy": 1.0,
        "average_cves": 93.03708987161198,
        "median_cves": 46.0,
        "variance_cves": 24438.0100413844,
        "std_dev_cves": 156.32661334969296,
        "min_cves": 0,
        "max_cves": 1551,
        "range_cves": 1551
    },
    "DockerScout_results": {
        "num_CVES_detected": 171493,
        "average_efficacy": 0.4619671001289549,
        "median_efficacy": 0.491248485,
        "variance_efficacy": 0.0800350231058235,
        "std_dev_efficacy": 0.28290461838899605,
        "min_efficacy": 0.0,
        "max_efficacy": 1.0,
        "range_efficacy": 1.0,
        "average_cves": 82.21140939597315,
        "median_cves": 27.0,
        "variance_cves": 24274.358641945506,
        "std_dev_cves": 155.8023062792894,
        "min_cves": 0,
        "max_cves": 1399,
        "range_cves": 1399
    }
}