{
    "images_analysed_type": "Official_Images",
    "number_images_analysed": 689,
    "num_unique_vulnerabilities": 8069,
    "low_vulnerabilities": 1210,
    "medium_vulnerabilitites": 3721,
    "high_vulnerabilities": 909,
    "critical_vulnerabilitites": 183,
    "unassigned_vulnerabilities": 305,
    "differing_vulnerabilitites": 1741,
    "reports_dont_match_vulns": 0,
    "Snyk_results": {
        "num_CVES_detected": 42653,
        "average_efficacy": 0.4284517420131005,
        "median_efficacy": 0.3117914,
        "variance_efficacy": 0.12117871784896403,
        "std_dev_efficacy": 0.34810733667787586,
        "min_efficacy": 0.0,
        "max_efficacy": 1.0,
        "range_efficacy": 1.0,
        "average_cves": 62.085880640465795,
        "median_cves": 22.0,
        "variance_cves": 15731.22730764171,
        "std_dev_cves": 125.42418948369453,
        "min_cves": 0,
        "max_cves": 1293,
        "range_cves": 1293,
        "low_vulns": 30637,
        "medium_vulns": 8938,
        "high_vulns": 2661,
        "critical_vulns": 417,
        "unassigned_vulns": 0
    },
    "Trivy_results": {
        "num_CVES_detected": 121871,
        "average_efficacy": 0.5840604816886628,
        "median_efficacy": 0.655368625,
        "variance_efficacy": 0.14386693713914966,
        "std_dev_efficacy": 0.37929795298570973,
        "min_efficacy": 0.0,
        "max_efficacy": 1.0,
        "range_efficacy": 1.0,
        "average_cves": 177.13808139534885,
        "median_cves": 25.0,
        "variance_cves": 107973.00128423209,
        "std_dev_cves": 328.5924546976575,
        "min_cves": 0,
        "max_cves": 1531,
        "range_cves": 1531,
        "low_vulns": 30014,
        "medium_vulns": 77298,
        "high_vulns": 12204,
        "critical_vulns": 1154,
        "unassigned_vulns": 1201
    },
    "Grype_results": {
        "num_CVES_detected": 52107,
        "average_efficacy": 0.6107160395563689,
        "median_efficacy": 0.68421054,
        "variance_efficacy": 0.11752169450584751,
        "std_dev_efficacy": 0.3428143732486249,
        "min_efficacy": 0.0,
        "max_efficacy": 1.0,
        "range_efficacy": 1.0,
        "average_cves": 76.2913616398243,
        "median_cves": 43.0,
        "variance_cves": 13497.200907674009,
        "std_dev_cves": 116.1774543862707,
        "min_cves": 0,
        "max_cves": 1353,
        "range_cves": 1353,
        "low_vulns": 26459,
        "medium_vulns": 16679,
        "high_vulns": 7446,
        "critical_vulns": 1523,
        "unassigned_vulns": 0
    },
    "JFrog_results": {
        "num_CVES_detected": 49819,
        "average_efficacy": 0.5713866146835994,
        "median_efficacy": 0.63398695,
        "variance_efficacy": 0.11347859960077872,
        "std_dev_efficacy": 0.33686584807721115,
        "min_efficacy": 0.0,
        "max_efficacy": 1.0,
        "range_efficacy": 1.0,
        "average_cves": 72.30624092888243,
        "median_cves": 44.0,
        "variance_cves": 10340.645905761636,
        "std_dev_cves": 101.68896648979,
        "min_cves": 0,
        "max_cves": 1389,
        "range_cves": 1389,
        "low_vulns": 0,
        "medium_vulns": 0,
        "high_vulns": 0,
        "critical_vulns": 0,
        "unassigned_vulns": 49819
    },
    "DockerScout_results": {
        "num_CVES_detected": 37798,
        "average_efficacy": 0.42787843783164,
        "median_efficacy": 0.43589744,
        "variance_efficacy": 0.10839350978798538,
        "std_dev_efficacy": 0.32923169620798265,
        "min_efficacy": 0.0,
        "max_efficacy": 1.0,
        "range_efficacy": 1.0,
        "average_cves": 54.85921625544267,
        "median_cves": 26.0,
        "variance_cves": 13115.22579066392,
        "std_dev_cves": 114.52172628223835,
        "min_cves": 0,
        "max_cves": 1399,
        "range_cves": 1399,
        "low_vulns": 18083,
        "medium_vulns": 12419,
        "high_vulns": 4869,
        "critical_vulns": 892,
        "unassigned_vulns": 1535
    }
}